{"motor": 3.1310174974759786, "secondary": 3.3189033502903285}